公司名称,公司行业,公司链接,职位,地区,薪资,标签,职位类型
前海再保险,保险,https://www.liepin.com/company/8869115/,寿险再保险-精算定价岗,深圳-南山区,薪资面议,['本科'],应届
伊利实业,食品/饮料/酒水,https://www.liepin.com/company/883905/,伊利2025年校招-数字化培训生（液态奶）,北京-丰台区,10-12k,['硕士'],应届
卓望信息技术(北京)有限公司,运营商/增值服务,https://www.liepin.com/company/21103391/,Python开发岗-北京（25届校招）(J10511),北京-丰台区,15-25k·13薪,['本科'],应届
清华大学天津高端装备研究院,学术/科研,https://www.liepin.com/company/8402139/,飞行控制研究所-Python开发工程师,北京-海淀区,12-15k,['本科'],应届
滴普科技,IT服务,https://www.liepin.com/company/9888355/,【2025校招】大模型交付工程师（Python）J10887,重庆-江北区,6-10k,['本科'],应届
滴普科技,IT服务,https://www.liepin.com/company/9888355/,【2025校招】大模型交付工程师（Python）J10887,北京-海淀区,6-10k,['本科'],应届
滴普科技,IT服务,https://www.liepin.com/company/9888355/,【2025校招】大模型交付工程师（Python）J10887,西安-高新区,6-10k,['本科'],应届
滴普科技,IT服务,https://www.liepin.com/company/9888355/,【2025校招】大模型交付工程师（Python）J10887,杭州-西湖区,6-10k,['本科'],应届
滴普科技,IT服务,https://www.liepin.com/company/9888355/,【2025校招】大模型交付工程师（Python）J10887,成都-武侯区,6-10k,['本科'],应届
深圳华为云计算技术有限公司,云计算/大数据,https://www.liepin.com/company/13441383/,华为python开发工程师（Python、C++、JAVA均可）（招聘名额充足）,上海-青浦区,17-30k·14薪,['本科'],应届
北京先进数通信息技术股份公司,互联网,https://www.liepin.com/company/7109473/,Python实习生（人工智能方向）,北京-海淀区,3-4k,['本科'],应届
青岛龙图信息科技有限公司,计算机软件,https://www.liepin.com/company/13116075/,python实习生,青岛-即墨区,1-3k,['大专'],应届
德科仕通信(上海)有限公司,计算机软件,https://www.liepin.com/company/7874054/,python软件工程师（实习）,上海-浦东新区,4-8k,['大专'],应届
宁波创母体网络科技有限公司,互联网,https://www.liepin.com/company/12162301/,python软件开发工程师,宁波-海曙区,6-8k·14薪,['学历不限'],应届
上海鹰达信息科技有限公司,计算机软件,https://www.liepin.com/company/13115745/,C#开发工程师 兼python开发（应届生）,上海-闵行区,10-12k,['硕士'],应届
华为,通信设备,https://www.liepin.com/company/954482/,Python软件开发工程师,上海-浦东新区,20-30k·14薪,['本科'],应届
首都在线,互联网,https://www.liepin.com/company/2750252/,网络研发工程师-python-25届 (MJ001086),北京-朝阳区,12-25k·14薪,['本科'],应届
信也科技,科技金融,https://www.liepin.com/company/5577249/,2025届校招-Data Engineer(Java/Python),上海-浦东新区,14-26k·14薪,['本科'],应届
玢殷,计算机软件,https://www.liepin.com/company/9930251/,Python开发工程师,宁德-霞浦县,8-10k,['本科'],应届
华龙通科技,通信设备,https://www.liepin.com/company/4856412/,python软件工程师,北京,10-15k,['本科'],应届
华为,电子/半导体/集成电路,https://www.liepin.com/company/8641982/,python软件开发工程师,上海,20-40k·14薪,['本科'],应届
北京乐信圣文科技有限责任公司,互联网,https://www.liepin.com/company/9181084/,2022年校招-Python工程师,北京-海淀区,17-21k,['本科'],应届
北京奥德塔数据科技有限公司,互联网,https://www.liepin.com/company/9332960/,python开发工程师,北京-海淀区,8-12k,['本科'],应届
万得,科技金融,https://www.liepin.com/company/8055349/,软件研发工程师（python）,南京,12-18k,['本科'],应届
千寻位置网络有限公司,云计算/大数据,https://www.liepin.com/company/8651413/,运维开发工程师（Python/Golang方向）--2025校招,上海-杨浦区,薪资面议,['本科'],应届
芜湖飞旭科技有限公司,游戏,https://www.liepin.com/company/13872739/,行政文员,芜湖,5-8k,[],无
卡斯柯信号有限公司,IT服务,https://www.liepin.com/company/9212800/,软件开发工程师（C/C++/Java/C#/Python）(北京·校招)(J10411),上海-静安区,15-25k,['硕士'],应届
华为,电子/半导体/集成电路,https://www.liepin.com/company/8641982/,Python开发工程师,上海-青浦区,19-25k·16薪,['本科'],应届
深圳华为云计算技术有限公司,云计算/大数据,https://www.liepin.com/company/13441383/,华为C++开发工程师（Python、C++、JAVA均可）（招聘名额充足）,上海-青浦区,17-30k·14薪,['本科'],应届
深圳华为云计算技术有限公司,云计算/大数据,https://www.liepin.com/company/13441383/,华为JAVA开发工程师（Python、C++、JAVA均可）（招聘名额充足）,上海-青浦区,17-30k·14薪,['本科'],应届
卡斯柯信号有限公司,IT服务,https://www.liepin.com/company/9212800/,软件开发工程师（C/C++/Java/C#/Python）(北京·校招)(J10411),北京,15-25k,['硕士'],应届
卡斯柯信号有限公司,IT服务,https://www.liepin.com/company/9212800/,软件开发工程师（C/C++/Java/C#/Python）(上海·校招)(J10403),上海-静安区,12-20k·15薪,['硕士'],应届
青岛优贝贝教育咨询有限公司平度分公司,学前教育,https://www.liepin.com/company/13975733/,Python,青岛-平度,7-12k,['大专'],应届
华为,通信设备,https://www.liepin.com/company/954482/,Python软件工程师,深圳-龙岗区,20-40k·16薪,['本科'],应届
北京猿力未来科技有限公司,在线教育,https://www.liepin.com/company/8156911/,少儿编程主讲（python）,北京-朝阳区,12-20k·14薪,['本科'],应届
信也科技,科技金融,https://www.liepin.com/company/5577249/,2025届校招-Data Engineer(Python/Go/C/C++),上海-浦东新区,14-26k·15薪,['本科'],应届
威海恒旺光伏发电服务有限公司,新能源,https://www.liepin.com/company/13841137/,行政助理/主管,威海-环翠区,5-6k,[],无
泽景汽车,汽车零部件及配件,https://www.liepin.com/company/8739082/,懂编程的机械工程师,西安-高新区,15-30k·13薪,['硕士'],应届
伊克罗德,计算机软件,https://www.liepin.com/company/8792009/,AI算法工程师,南京-雨花台区,4-5k,['学历不限'],应届
伊克罗德,计算机软件,https://www.liepin.com/company/8792009/,算法工程师,南京-雨花台区,4-5k,['本科'],应届
华为终端有限公司,电子/半导体/集成电路,https://www.liepin.com/company/12524841/,AI工程师软件工程师2526届,上海-青浦区,13-30k·14薪,['本科'],应届
华为终端有限公司,电子/半导体/集成电路,https://www.liepin.com/company/12524841/,软件开发工程师-留学生博士招聘,上海-青浦区,13-35k·14薪,['硕士'],应届
AlphaGrep,基金/证券/期货,https://www.liepin.com/company/12902951/,量化开发工程师 （2025年毕业）,上海-徐汇区,20-40k,['硕士'],应届
松果出行,互联网,https://www.liepin.com/company/8414072/,算法工程师,合肥-经开区,20-40k,['硕士'],应届
华为,通信设备,https://www.liepin.com/company/954482/,软件开发工程师,南京-雨花台区,18-35k·16薪,['本科'],应届
东土科技,计算机硬件,https://www.liepin.com/company/886849/,云计算研发工程师 (MJ000463),成都-郫都区,7-12k,['本科'],应届
广州淮琛贸易有限公司,批发/零售,https://www.liepin.com/company/13834407/,会计8K双休,洛阳-洛龙区,8-9k,[],无
联和氢能,新能源,https://www.liepin.com/company/12358601/,氢能数据平台储备管培生,嘉兴-平湖,5-8k,['本科'],应届
星际动能科技(深圳)有限公司,计算机软件,https://www.liepin.com/company/21142493/,后端实习生,深圳-南山区,3-4k,['本科'],应届
曼德电子电器有限公司,汽车零部件及配件,https://www.liepin.com/company/12863425/,嵌入式软件工程师,保定-莲池区,8-13k·17薪,['本科'],应届
中电数创,云计算/大数据,https://www.liepin.com/company/13415545/,后端（开发）工程师,北京-西城区,10-15k,['硕士'],应届
曼德电子电器有限公司,汽车零部件及配件,https://www.liepin.com/company/12863425/,嵌入式软件开发,保定-莲池区,8-15k,['本科'],应届
墨芯人工智能科技(深圳)有限公司,电子/半导体/集成电路,https://www.liepin.com/company/12441841/,算子开发工程师（北京深圳上海硅谷） (MJ000220),北京-朝阳区,薪资面议,['硕士'],应届
墨芯人工智能科技(深圳)有限公司,电子/半导体/集成电路,https://www.liepin.com/company/12441841/,算子开发工程师（北京深圳上海硅谷） (MJ000220),深圳-南山区,薪资面议,['硕士'],应届
墨芯人工智能科技(深圳)有限公司,电子/半导体/集成电路,https://www.liepin.com/company/12441841/,算子开发工程师（北京深圳上海硅谷） (MJ000220),上海-徐汇区,薪资面议,['硕士'],应届
BYD,电子/半导体/集成电路,https://www.liepin.com/company/434237/,新能源汽车电池工程师(电气/结构/新能/热管理/电芯及电化学/启动电池/整车低压性能/CFD/CAE),西安-高新区,20-40k,['博士'],应届
BYD,电子/半导体/集成电路,https://www.liepin.com/company/434237/,新能源汽车电池工程师(电气/结构/系统/电芯与电化学/CAE/CFD/热管理/启动电池/整车低压性能/性能测试),西安-高新区,15-30k,['硕士'],应届
墨芯人工智能科技(深圳)有限公司,电子/半导体/集成电路,https://www.liepin.com/company/12441841/,算子开发工程师（深圳） (MJ000214),深圳-南山区,薪资面议,['硕士'],应届
墨芯人工智能科技(深圳)有限公司,电子/半导体/集成电路,https://www.liepin.com/company/12441841/,算子开发工程师（上海） (MJ000215),上海-徐汇区,薪资面议,['硕士'],应届
东土科技,计算机硬件,https://www.liepin.com/company/886849/,嵌入式软件工程师 (MJ000476),北京-石景山区,8-12k,['本科'],应届
上海杰奥普鑫投资管理有限公司,基金/证券/期货,https://www.liepin.com/company/12921209/,数据分析师,上海-浦东新区,7-12k,['本科'],应届
安信资管,基金/证券/期货,https://www.liepin.com/company/12302487/,金融交易系统开发岗（IT）,上海-虹口区,9-13k,['本科'],应届
上海琥珀汽车有限公司,整车制造,https://www.liepin.com/company/9999905/,其他互联网+技术职位,上海-闵行区,6-10k,['学历不限'],应届
上海合见工业软件集团有限公司,整车制造,https://www.liepin.com/company/12944001/,研发效能开发工程师(J10294),上海-浦东新区,薪资面议,['硕士'],应届
快意科技,IT服务,https://www.liepin.com/company/8708670/,SRM系统开发工程师,上海-闵行区,6-9k,['本科'],应届
广东亿迅科技有限公司,计算机软件,https://www.liepin.com/company/552933/,大数据开发（校招，广州）,广州-天河区,8-11k,['本科'],应届
广州晖维商贸有限公司,服装/纺织/皮革,https://www.liepin.com/company/13760333/,审计助理,深圳,6-7k,[],无
深圳市新凯来技术有限公司,电子/半导体/集成电路,https://www.liepin.com/company/13130541/,软件开发,深圳,20-30k,['本科'],应届
建发集团,贸易/进出口,https://www.liepin.com/company/2896521/,审计数据分析师,厦门,10-12k·14薪,['本科'],应届
辅量成像,汽车,https://www.liepin.com/company/13542045/,DevOps初级工程师,上海-浦东新区,10-15k,['本科'],应届
深圳市金德贸易有限公司,贸易/进出口,https://www.liepin.com/company/13562939/,后端开发,广州-天河区,8-15k,['本科'],应届
丸美生物,日化,https://www.liepin.com/company/1566054/,数据分析校招生（市场分析）(J10192),广州-天河区,10-12k,['硕士'],应届
威莱集团,日化,https://www.liepin.com/company/4033344/,人工智能管培生 Artificial Intelligence Management Trainee,广州-天河区,9-11k·13薪,['本科'],应届
虹软科技股份有限公司,计算机软件,https://www.liepin.com/company/9242209/,25春招-算法优化工程师,杭州-滨江区,15-30k·13薪,['硕士'],应届
北京云智互动信息技术有限公司,计算机软件,https://www.liepin.com/company/8137776/,开发管培生-年前投递简历，年后免一轮面试,北京-朝阳区,8-14k,['本科'],应届
云智慧北京,IT服务,https://www.liepin.com/company/7855878/,开发管培生（年前投简历，年后免一轮面试）,郑州-高新区,6-9k,['本科'],应届
云智慧北京,IT服务,https://www.liepin.com/company/7855878/,开发管培生（年前投简历，年后免一轮面试）,北京-朝阳区,8-12k,['本科'],应届
零刻软件,IT服务,https://www.liepin.com/company/9384893/,软件开发工程师（实习并转正-Java Pyhon 都可以）,上海-嘉定区,8-13k·14薪,['本科'],应届
上海泛超数字科技有限公司,IT服务,https://www.liepin.com/company/13823233/,初级运维工程师,上海-浦东新区,2-5k,['大专'],应届
上海叠腾网络科技有限公司,计算机软件,https://www.liepin.com/company/9751275/,仿真建模工程师,上海-徐汇区,10-15k,['硕士'],应届
宸展光电(厦门)股份有限公司,电气机械/器材,https://www.liepin.com/company/8935371/,储备干部（软件开发方向）,厦门-集美区,4-5k,['本科'],应届
上海茵泽网络科技有限公司,科技推广服务,https://www.liepin.com/company/21118155/,数据开发工程师,上海-徐汇区,20-30k,['本科'],应届
华为,通信设备,https://www.liepin.com/company/954482/,【博士研究员】视觉方向 base多城市可沟通,上海-青浦区,45-50k,['博士'],应届
上海仲阳天王星数据科技有限公司,科技金融,https://www.liepin.com/company/13078985/,【上海】量化研究员 (MJ000200),上海-浦东新区,20-40k·14薪,['硕士'],应届
BYD,电子/半导体/集成电路,https://www.liepin.com/company/434237/,高级嵌入式软件工程师（25应届生）,深圳-龙岗区,10-15k,['硕士'],应届
徕映科技(上海)有限公司,电子/半导体/集成电路,https://www.liepin.com/company/13717283/,IC测试工程师(25届）,上海-浦东新区,7-11k·15薪,['本科'],应届
伊利实业,食品/饮料/酒水,https://www.liepin.com/company/883905/,伊利2025年校招-薪酬储备学生（总部）,呼和浩特-土左旗,5-6k,['本科'],应届
中电数创,云计算/大数据,https://www.liepin.com/company/13415545/,人工智能算法工程师,北京-西城区,16-25k,['硕士'],应届
广州麦了薇美容美发设备有限公司,贸易/进出口,https://www.liepin.com/company/21072295/,财务分析助理,广州-番禺区,8-13k,['本科'],应届
术理创新,医疗器械,https://www.liepin.com/company/9203992/,软件工程师（医疗器械方向）【校招】,上海-奉贤区,10-15k·13薪,['本科'],应届
特斯拉中国,新能源汽车,https://www.liepin.com/company/8626076/,2025校招-再制造测试技师 (MJ011509),上海-浦东新区,9-12k,['本科'],应届
德昌电机,机械/设备,https://www.liepin.com/company/8861621/,自动化大数据AI工程师-trainee,江门-江海区,12-20k,['硕士'],应届
德昌电机,机械/设备,https://www.liepin.com/company/8861621/,电气自动化工程师-trainee,江门-江海区,12-20k,['硕士'],应届
博世汽车部件(苏州)有限公司,汽车零部件及配件,https://www.liepin.com/company/8431311/,设备维修工程师,常州,8-12k·15薪,['本科'],应届
重庆市信息通信咨询设计院有限公司,通信设备,https://www.liepin.com/company/8272992/,数据治理工程师,重庆,6-10k,['本科'],应届
特斯拉中国,新能源汽车,https://www.liepin.com/company/8626076/,2025校招-再制造诊断工程优选生  (MJ011317),上海-浦东新区,9-12k,['本科'],应届
嘉兴新模文化传媒有限公司,培训服务,https://www.liepin.com/company/13844437/,人力资源专员助理,韶关-浈江区,5-6k,[],无
特斯拉中国,新能源汽车,https://www.liepin.com/company/8626076/,2025校招-逆变器电子质量工程师 (MJ011382),上海-浦东新区,薪资面议,['本科'],应届
江苏先声医学诊断有限公司,专业技术服务,https://www.liepin.com/company/9348350/,生信管培生 (MJ001654),南京-玄武区,薪资面议,['硕士'],应届
上海鸣熙资产管理有限公司,基金/证券/期货,https://www.liepin.com/company/9720552/,量化开发工程师,上海,15-30k,['本科'],应届
江苏集萃苏科思科技有限公司,电子/半导体/集成电路,https://www.liepin.com/company/9897371/,软件工程师（25届校招）(J10151),苏州-相城区,12-18k·13薪,['硕士'],应届
华为,通信设备,https://www.liepin.com/company/954482/,软件开发,上海-青浦区,20-40k·14薪,['本科'],应届
华为,通信设备,https://www.liepin.com/company/954482/,软件开发工程师,武汉-江夏区,14-20k,['本科'],应届
华为,通信设备,https://www.liepin.com/company/954482/,软件研发工程师,上海-青浦区,15-30k·16薪,['本科'],应届
恒瑞医药,制药,https://www.liepin.com/company/10100267/,高级统计程序员-2025校招 (MJ006988),广州-海珠区,10-11k,['硕士'],应届
恒瑞医药,制药,https://www.liepin.com/company/10100267/,高级统计程序员-2025校招 (MJ006988),北京-大兴区,10-11k,['硕士'],应届
恒瑞医药,制药,https://www.liepin.com/company/10100267/,高级统计程序员-2025校招 (MJ006988),成都-高新区,10-11k,['硕士'],应届
恒瑞医药,制药,https://www.liepin.com/company/10100267/,高级统计程序员-2025校招 (MJ006988),武汉-江汉区,10-11k,['硕士'],应届
恒瑞医药,制药,https://www.liepin.com/company/10100267/,高级统计程序员-2025校招 (MJ006988),苏州-工业园区,10-11k,['硕士'],应届
伊利实业,食品/饮料/酒水,https://www.liepin.com/company/883905/,伊利2025年校招-数字科技中心人工智能培训生（总部）,北京-丰台区,12-13k,['硕士'],应届
奇瑞汽车,整车制造,https://www.liepin.com/company/2171297/,AI+Science模型开发工程师,芜湖,15-30k·14薪,['博士'],应届
奇瑞汽车,整车制造,https://www.liepin.com/company/2171297/,CAE自动化开发工程师,芜湖,9-14k·13薪,['硕士'],应届
斯坦德机器人,工业自动化,https://www.liepin.com/company/8833011/,运动控制算法工程师,深圳-宝安区,12-30k,['硕士'],应届
深圳市江波龙电子股份有限公司,电子/半导体/集成电路,https://www.liepin.com/company/1723919/,【2025校招岗位】测试开发工程师,上海-浦东新区,18-20k·14薪,['硕士'],应届
信也科技,科技金融,https://www.liepin.com/company/5577249/,2025届校招-运维工程师,上海-浦东新区,15-25k·15薪,['本科'],应届
百联,日化,https://www.liepin.com/company/8504136/,数仓开发工程师（校园招聘）,上海,12-18k·13薪,['本科'],应届
西安华为,云计算/大数据,https://www.liepin.com/company/9808727/,数据分析工程师-华为,西安-高新区,15-25k,['本科'],应届
经纬恒润,电子/半导体/集成电路,https://www.liepin.com/company/973634/,测试开发工程师（北京/天津）,北京-朝阳区,10-20k·15薪,['硕士'],应届
新思科技,通信设备,https://www.liepin.com/company/12640727/,2025武汉校招-数字设计工程师,武汉,19-40k,['本科'],应届
新思科技,通信设备,https://www.liepin.com/company/12640727/,2025上海校招-数字设计工程师,上海-杨浦区,19-40k,['本科'],应届
新奥科技发展有限公司,新能源,https://www.liepin.com/company/8390135/,2025届硕博：物理、电磁仿真、材料模拟、真空、电源、微波加热、光学,北京-海淀区,13-35k,['硕士'],应届
新奥科技发展有限公司,新能源,https://www.liepin.com/company/8390135/,2025届硕博：物理、电磁仿真、材料模拟、真空、电源、微波加热、光学,廊坊-广阳区,13-35k,['硕士'],应届
上海钫铖微电子有限公司,电子/半导体/集成电路,https://www.liepin.com/company/9929161/,嵌入式软件工程师（2025年应届生）,上海-浦东新区,15-20k·16薪,['本科'],应届
讯兔科技(北京)有限公司,计算机软件,https://www.liepin.com/company/12995405/,算法研究员,上海-浦东新区,22-35k·13薪,['博士'],应届
嘉兴新模文化传媒有限公司,培训服务,https://www.liepin.com/company/13844437/,人事行政经理,宁波-鄞州区,5-6k,[],无
墨芯人工智能科技(深圳)有限公司,电子/半导体/集成电路,https://www.liepin.com/company/12441841/,算子开发工程师（北京） (MJ000220),北京-朝阳区,薪资面议,['硕士'],应届
墨芯人工智能科技(深圳)有限公司,电子/半导体/集成电路,https://www.liepin.com/company/12441841/,大模型AI编译器工程师（北京）   (MJ000224),北京-朝阳区,薪资面议,['硕士'],应届
墨芯人工智能科技(深圳)有限公司,电子/半导体/集成电路,https://www.liepin.com/company/12441841/,AI软件开发工程师（北京） (MJ000230),北京-朝阳区,薪资面议,['硕士'],应届
天锐星通,电子/半导体/集成电路,https://www.liepin.com/company/9625332/,大数据算法工程师（2025届校招）,成都-高新区,15-20k·13薪,['硕士'],应届
Momenta,人工智能,https://www.liepin.com/company/9123859/,SDK开发实习生,北京-海淀区,7-8k,['硕士'],应届
墨芯人工智能科技(深圳)有限公司,电子/半导体/集成电路,https://www.liepin.com/company/12441841/,大模型加速算法工程师（北京） (MJ000228),北京-朝阳区,薪资面议,['硕士'],应届
广州翠行贸易有限公司,批发/零售,https://www.liepin.com/company/13873731/,电商客服,广州-荔湾区,5-8k,[],无
墨芯人工智能科技(深圳)有限公司,电子/半导体/集成电路,https://www.liepin.com/company/12441841/,AI芯片架构开发工程师（北京） (MJ000226),北京-朝阳区,薪资面议,['博士'],应届
泽亨智能,机械/设备,https://www.liepin.com/company/8213889/,数字化工程师,广州-南沙区,10-20k,['本科'],应届
虹科电子,电子/半导体/集成电路,https://www.liepin.com/company/10100071/,物联网软件开发工程师（广州 上海 成都）,上海-闵行区,12-20k,['硕士'],应届
深圳市锐明技术股份有限公司,智能硬件,https://www.liepin.com/company/8835709/,测试开发工程师(J11974),深圳-南山区,10-25k,['本科'],应届
中国科学院遗传与发育生物学研究所,制药,https://www.liepin.com/company/13341427/,软件工程师-应届,北京-朝阳区,10-20k,['硕士'],应届
墨芯人工智能科技(深圳)有限公司,电子/半导体/集成电路,https://www.liepin.com/company/12441841/,大模型AI编译器工程师（深圳） (MJ000222),深圳-南山区,薪资面议,['硕士'],应届
墨芯人工智能科技(深圳)有限公司,电子/半导体/集成电路,https://www.liepin.com/company/12441841/,AI芯片架构开发工程师（深圳） (MJ000202),深圳-南山区,薪资面议,['硕士'],应届
墨芯人工智能科技(深圳)有限公司,电子/半导体/集成电路,https://www.liepin.com/company/12441841/,AI软件开发工程师（深圳） (MJ000211),深圳-南山区,薪资面议,['硕士'],应届
嘉兴新模文化传媒有限公司,培训服务,https://www.liepin.com/company/13844437/,人力资源专员/助理,徐州-云龙区,6-7k,[],无
墨芯人工智能科技(深圳)有限公司,电子/半导体/集成电路,https://www.liepin.com/company/12441841/,大模型加速算法工程师（深圳） (MJ000203),深圳-南山区,薪资面议,['硕士'],应届
墨芯人工智能科技(深圳)有限公司,电子/半导体/集成电路,https://www.liepin.com/company/12441841/,AI软件开发工程师（上海） (MJ000212),上海-徐汇区,薪资面议,['硕士'],应届
墨芯人工智能科技(深圳)有限公司,电子/半导体/集成电路,https://www.liepin.com/company/12441841/,AI芯片架构开发工程师（上海） (MJ000205),上海-徐汇区,薪资面议,['硕士'],应届
墨芯人工智能科技(深圳)有限公司,电子/半导体/集成电路,https://www.liepin.com/company/12441841/,大模型加速算法工程师（上海） (MJ000207),上海-徐汇区,薪资面议,['硕士'],应届
墨芯人工智能科技(深圳)有限公司,电子/半导体/集成电路,https://www.liepin.com/company/12441841/,算子开发工程师（深圳） (MJ000214),深圳-南山区,薪资面议,['学历不限'],应届
经纬恒润,电子/半导体/集成电路,https://www.liepin.com/company/973634/,测试开发工程师,北京-朝阳区,13-16k·16薪,['本科'],应届
江苏苏商银行,银行,https://www.liepin.com/company/9263140/,算法模型岗（25届校招）,南京-建邺区,1-2k,['硕士'],应届
字节跳动,互联网,https://www.liepin.com/company/7863078/,测试开发工程师-懂车帝,北京-海淀区,20-30k,['本科'],应届
灵明光子,电子/半导体/集成电路,https://www.liepin.com/company/10060091/,软件工程师,上海-浦东新区,10-22k·15薪,['本科'],应届
万得,科技金融,https://www.liepin.com/company/8055349/,图像识别算法工程师【Data scientist（Image recognition）】,上海-浦东新区,35-45k·14薪,['博士'],应届
万得,科技金融,https://www.liepin.com/company/8055349/,NLP算法工程师【Data Scientist（Natural Language Processing）】,上海-浦东新区,35-45k·14薪,['博士'],应届
广发证券,基金/证券/期货,https://www.liepin.com/company/1421537/,信息技术后端开发岗,广州,20-30k,['硕士'],应届
深圳市古鈅科技有限公司,计算机软件,https://www.liepin.com/company/13092957/,rpa初级开发工程师,深圳,5-8k,['大专'],应届
思安新能源,新能源,https://www.liepin.com/company/1682300/,算法研发工程师,西安-高新区,10-15k,['硕士'],应届
华为,电子/半导体/集成电路,https://www.liepin.com/company/8641982/,大数据开发工程师,上海-浦东新区,20-40k·14薪,['本科'],应届
华为,电子/半导体/集成电路,https://www.liepin.com/company/8641982/,软件开发工程师,上海-浦东新区,20-40k·14薪,['本科'],应届
华为,通信设备,https://www.liepin.com/company/954482/,大数据开发工程师,东莞,15-30k,['本科'],应届
华为,通信设备,https://www.liepin.com/company/954482/,海外学生华为云校招岗位,杭州,20-40k·16薪,['硕士'],应届
上海华泛信息服务有限公司,其他商务服务业,https://www.liepin.com/company/7913751/,低代码实施工程师,上海,6-8k·13薪,['学历不限'],应届
御芯微科技,电子/半导体/集成电路,https://www.liepin.com/company/9410809/,软件工程师,重庆,8-18k·13薪,['本科'],应届
御芯微科技,电子/半导体/集成电路,https://www.liepin.com/company/9410809/,编译器工程师,重庆,9-20k·13薪,['本科'],应届
华为,通信设备,https://www.liepin.com/company/954482/,软件开发工程师,杭州-滨江区,17-30k·14薪,['本科'],应届
上海品埃信息科技有限公司,游戏,https://www.liepin.com/company/12731543/,自动化测试实习生,上海-徐汇区,3-4k,['本科'],应届
码高教育,专业技术服务,https://www.liepin.com/company/12786027/,少儿编程老师/机器人老师,潍坊,3-8k,['大专'],应届
安信资管,基金/证券/期货,https://www.liepin.com/company/12302487/,金融交易系统测试岗IT（外派）,上海-虹口区,8-12k,['本科'],应届
北京和合众悦投资管理有限公司,基金/证券/期货,https://www.liepin.com/company/9961493/,开发工程师,北京-朝阳区,10-18k,['学历不限'],应届
长沙市源恒教育科技有限公司,培训服务,https://www.liepin.com/company/12002609/,C++讲师,长沙,4-8k,['本科'],应届
诺德基金,基金/证券/期货,https://www.liepin.com/company/4339881/,风控专员（2025校招）,上海-浦东新区,薪资面议,['硕士'],应届
沃镭智能,仪器仪表,https://www.liepin.com/company/8531836/,电气工程师,杭州-钱塘区,12-20k·13薪,['硕士'],应届
宁波容百新能源科技股份有限公司,金属制品,https://www.liepin.com/company/8976795/,AI研发岗,宁波-余姚,10-30k,['硕士'],应届
矽力杰半导体技术(杭州)有限公司,电子/半导体/集成电路,https://www.liepin.com/company/9569500/,算法工程师,杭州-滨江区,18-23k·14薪,['硕士'],应届
重庆中邮信科集团股份有限公司,运营商/增值服务,https://www.liepin.com/company/7960643/,AI应用研发工程师(J10175),重庆-渝北区,10-15k·13薪,['本科'],应届
上海数字产业发展有限公司,专业技术服务,https://www.liepin.com/company/21112255/,数据运营（实习可转正）,上海-浦东新区,9-20k,['本科'],应届
水滴公司,互联网,https://www.liepin.com/company/8939472/,校招-后端技术专家(A73383),北京-朝阳区,20-40k·16薪,['硕士'],应届
上海黑翼资产管理有限公司,专业技术服务,https://www.liepin.com/company/12514561/,机器学习研究员（上海）,上海-浦东新区,40-70k,['硕士'],应届
上海黑翼资产管理有限公司,专业技术服务,https://www.liepin.com/company/12514561/,机器学习研究员（北京）,北京-朝阳区,40-70k,['硕士'],应届
国轩高科,电气机械/器材,https://www.liepin.com/company/8980432/,大数据分析（25校招）(J12239),合肥-包河区,8-16k·13薪,['硕士'],应届
建信融通有限责任公司,科技金融,https://www.liepin.com/company/9210786/,Java,厦门-思明区,15-22k·15薪,['本科'],应届
北京汽车研究总院,整车制造,https://www.liepin.com/company/8104950/,测试开发工程师,北京-大兴区,15-25k·15薪,['硕士'],应届
嘉兴新模文化传媒有限公司,培训服务,https://www.liepin.com/company/13844437/,人力资源专员助理,韶关-浈江区,5-6k,[],无
北京汽车研究总院,整车制造,https://www.liepin.com/company/8104950/,测试开发工程师,北京-大兴区,15-25k,['硕士'],应届
重庆同辉会计师事务所(普通合伙),财务/审计/税务,https://www.liepin.com/company/13036971/,AI应用工程师/实习生（软件研发/审计方向）,重庆-渝北区,2-5k,['本科'],应届
合合信息,人工智能,https://www.liepin.com/company/7862267/,25届春招-机器人感知与控制算法工程师(J13290),上海-静安区,30-50k·16薪,['硕士'],应届
游卡网络,游戏,https://www.liepin.com/company/8667693/,算法,上海-闵行区,10-20k·14薪,['本科'],应届
瑞萨集成电路(上海)有限公司,电子/半导体/集成电路,https://www.liepin.com/company/12159461/,IC验证工程师（应届生岗位）,上海-徐汇区,13-18k·13薪,['本科'],应届
丰尚公司,机械/设备,https://www.liepin.com/company/9602121/,算法工程师,扬州-邗江区,10-15k·13薪,['硕士'],应届
浪潮通用软件有限公司,IT服务,https://www.liepin.com/company/8461928/,【校招】测试开发工程师,济南-高新区,10-14k·14薪,['硕士'],应届
嘉兴新模文化传媒有限公司,培训服务,https://www.liepin.com/company/13844437/,人事行政经理,宁波-鄞州区,5-6k,[],无
拼多多集团-PDD,互联网,https://www.liepin.com/company/8537928/,数据分析师（XZ0000439）,上海-长宁区,25-35k·16薪,['本科'],应届
中兴通讯,通信设备,https://www.liepin.com/company/540933/,全栈软件开发工程师,南京-雨花台区,16-24k,['本科'],应届
中国太平洋财产保险股份有限公司,保险,https://www.liepin.com/company/6539011/,昆明-新能源车管理岗 (MJ005187),昆明-五华区,5-8k,['本科'],应届
卓望数码技术(深圳)有限公司,计算机软件,https://www.liepin.com/company/9364815/,测试工程师-25届春招  (MJ000385),广州-天河区,10-20k·13薪,['本科'],应届
拼多多集团-PDD,互联网,https://www.liepin.com/company/13871569/,拼多多集团跨境搜推-数据分析师,上海-长宁区,25-55k,['本科'],应届
金星智控,仪器仪表,https://www.liepin.com/company/8154679/,软件项目工程师,合肥-高新区,8-12k·13薪,['本科'],应届
维信金科,担保/拍卖/典当,https://www.liepin.com/company/8718437/,管培生-策略分析方向,上海-虹口区,12-18k,['硕士'],应届
德邦证券,基金/证券/期货,https://www.liepin.com/company/8405529/,财富总部管培生,上海-杨浦区,15-40k,['硕士'],应届
合合信息,人工智能,https://www.liepin.com/company/7862267/,25届春招-多模态算法工程师（AI教育）(J13258),上海-静安区,30-40k·16薪,['硕士'],应届
合合信息,人工智能,https://www.liepin.com/company/7862267/,25届春招-强化学习算法工程师(J13282),上海-静安区,30-50k·16薪,['硕士'],应届
北京银联金卡科技有限公司,检测/认证,https://www.liepin.com/company/8430373/,功能测试工程师,北京-石景山区,8-15k·15薪,['本科'],应届
北京银联金卡科技有限公司,检测/认证,https://www.liepin.com/company/8430373/,软件安全测试岗,北京-石景山区,8-15k·15薪,['本科'],应届
北京银联金卡科技有限公司,检测/认证,https://www.liepin.com/company/8430373/,产品安全测试岗,北京-石景山区,8-15k·15薪,['本科'],应届
北京银联金卡科技有限公司,检测/认证,https://www.liepin.com/company/8430373/,芯片安全测试岗,北京-石景山区,8-15k·15薪,['本科'],应届
北京银联金卡科技有限公司,检测/认证,https://www.liepin.com/company/8430373/,大模型测试,北京-石景山区,8-15k·15薪,['本科'],应届
北京银联金卡科技有限公司,检测/认证,https://www.liepin.com/company/8430373/,大模型研发,北京-石景山区,8-15k·15薪,['本科'],应届
合合信息,人工智能,https://www.liepin.com/company/7862267/,25届春招-大数据开发工程师(J13245),上海-静安区,20-30k·16薪,['硕士'],应届
佳期投资,基金/证券/期货,https://www.liepin.com/company/9264228/,Quantitative Researcher,北京-海淀区,70-80k,['博士'],应届
佳期投资,基金/证券/期货,https://www.liepin.com/company/9264228/,Quantitative Researcher,上海-浦东新区,70-80k,['博士'],应届
合合信息,人工智能,https://www.liepin.com/company/7862267/,25届春招-云原生SRE工程师(J13272),上海-静安区,18-30k·16薪,['本科'],应届
合合信息,人工智能,https://www.liepin.com/company/7862267/,25届春招-多模态大模型算法研究员(J13271),广州-海珠区,30-40k·16薪,['硕士'],应届
佳期投资,基金/证券/期货,https://www.liepin.com/company/9264228/,数据科学研究员（2025年校招）,北京-海淀区,40-45k,['硕士'],应届
佳期投资,基金/证券/期货,https://www.liepin.com/company/9264228/,数据科学研究员（2025年校招）,上海-浦东新区,40-45k,['硕士'],应届
卓望数码技术(深圳)有限公司,计算机软件,https://www.liepin.com/company/9364815/,测试工程师-25届春招 (MJ000388),北京-丰台区,10-20k·13薪,['本科'],应届
怡和嘉业,医疗器械,https://www.liepin.com/company/890873/,AI工程师-25届,天津-武清区,15-25k·13薪,['硕士'],应届
卓望数码技术(深圳)有限公司,计算机软件,https://www.liepin.com/company/9364815/,大数据开发工程师-25届春招 (MJ000382),广州-天河区,15-25k·13薪,['本科'],应届
北京鹰瞳科技发展股份有限公司,人工智能,https://www.liepin.com/company/9093647/,研发管培生,北京,25-45k,['硕士'],应届
滴滴,生活服务O2O,https://www.liepin.com/company/8076624/,产品运营,北京-海淀区,15-22k·17薪,['本科'],应届
滴滴,生活服务O2O,https://www.liepin.com/company/8076624/,用户运营,北京-海淀区,15-22k·17薪,['本科'],应届
中兴微电子,电子/半导体/集成电路,https://www.liepin.com/company/8730292/,JW010-IC软件开发工程师（编译器/汽车电子/WIFI/智能驾驶/智能座舱/网关/路由器）,西安-高新区,15-30k,['硕士'],应届
中兴微电子,电子/半导体/集成电路,https://www.liepin.com/company/8730292/,JW010-IC软件开发工程师（编译器/汽车电子/WIFI/智能驾驶/智能座舱/网关/路由器）,南京-雨花台区,15-30k,['硕士'],应届
卓望数码技术(深圳)有限公司,计算机软件,https://www.liepin.com/company/9364815/,人工智能开发工程师-25届春招 (MJ000383),广州-天河区,15-25k·13薪,['本科'],应届
五矿期货,基金/证券/期货,https://www.liepin.com/company/8618115/,数据开发工程师(006068),深圳-南山区,12-20k,['硕士'],应届
上海茫讯商务咨询中心,专业技术服务,https://www.liepin.com/company/12822429/,高级产品经理,北京-东城区,45-75k·15薪,[],无
合合信息,人工智能,https://www.liepin.com/company/7862267/,25届校招-强化学习算法工程师(J13282),上海-静安区,30-50k·16薪,['硕士'],应届
合合信息,人工智能,https://www.liepin.com/company/7862267/,25届春招-智能图像算法研究员(J13281),上海-静安区,30-50k·16薪,['硕士'],应届
国能日新科技股份有限公司,新能源,https://www.liepin.com/company/9714093/,C++开发工程师(J10256),北京-海淀区,10-15k,['本科'],应届
精锋医疗,医疗器械,https://www.liepin.com/company/9241783/,测试工程师（校招）,深圳-龙岗区,10-20k,['硕士'],应届
精锋医疗,医疗器械,https://www.liepin.com/company/9241783/,测试工程师,深圳-龙岗区,10-20k,['硕士'],应届
云汉时代数字科技有限公司,人工智能,https://www.liepin.com/company/13594063/,人工智能算法岗,上海-浦东新区,15-25k,['本科'],应届
精锋医疗,医疗器械,https://www.liepin.com/company/9241783/,测试工程师/25届校招,深圳-龙岗区,12-24k·13薪,['硕士'],应届
中科院自动化研究所,人工智能,https://www.liepin.com/company/8809978/,多模态预训练算法工程师(J10489),北京-海淀区,13-29k,['硕士'],应届
紫光同创,电子/半导体/集成电路,https://www.liepin.com/company/8103020/,数字电路设计工程师（2025届校园招聘）,深圳-南山区,20-30k,['硕士'],应届
容诚会计师事务所(特殊普通合伙)厦门分所,财务/审计/税务,https://www.liepin.com/company/12246709/,IT审计专员,厦门-湖里区,6-8k·13薪,['本科'],应届
阿维塔,新能源,https://www.liepin.com/company/9641888/,25届校招-平台架构开发工程师(A47292),重庆-江北区,薪资面议,['本科'],应届
佳都科技集团股份有限公司,计算机软件,https://www.liepin.com/company/2115085/,智能体算法工程师（2025届）,广州,20-28k,['硕士'],应届
敦泰科技,电子/半导体/集成电路,https://www.liepin.com/company/8249987/,2025届应届生——系统工程师,合肥-高新区,11-20k·13薪,['硕士'],应届
中国联通广东省分公司,运营商/增值服务,https://www.liepin.com/company/2034027/,大数据建模工程师,广州,13-25k,['博士'],应届
长鑫存储技术有限公司,电子/半导体/集成电路,https://www.liepin.com/company/8968456/,半导体数据科学(J15863),合肥,薪资面议,['硕士'],应届
长鑫存储技术有限公司,电子/半导体/集成电路,https://www.liepin.com/company/8968456/,研发数据科学(J15858),合肥,薪资面议,['硕士'],应届
长鑫存储技术有限公司,电子/半导体/集成电路,https://www.liepin.com/company/8968456/,半导体研发智能(J15856),合肥,薪资面议,['博士'],应届
硅谷数模,电子/半导体/集成电路,https://www.liepin.com/company/21102395/,应届-算法工程师-上海-00207,上海-浦东新区,薪资面议,['硕士'],应届
南京尚儒商贸有限公司,食品/饮料/酒水,https://www.liepin.com/company/13877817/,办公室内勤,南京-六合区,6-7k,[],无
硕磐智能,计算机软件,https://www.liepin.com/company/12522933/,前端开发工程师,杭州,15-30k,['硕士'],应届
迪安诊断,医疗器械,https://www.liepin.com/company/8115449/,25届-IT管培生（AI方向） (MJ004503),杭州-西湖区,9-16k,['硕士'],应届
中远海运(广州)有限公司,其他行业,https://www.liepin.com/company/12370775/,研发工程师（应届）,深圳-南山区,10-25k,['硕士'],应届
北京微云众网络科技有限公司,互联网,https://www.liepin.com/company/13524863/,Data Science/ 数据科学,杭州-上城区,20-30k,['博士'],应届
北京微云众网络科技有限公司,互联网,https://www.liepin.com/company/13524863/,Data Science/ 数据科学,北京-西城区,20-30k,['博士'],应届
北京微云众网络科技有限公司,互联网,https://www.liepin.com/company/13524863/,Data Science/ 数据科学,上海-浦东新区,20-30k,['博士'],应届
北京微云众网络科技有限公司,互联网,https://www.liepin.com/company/13524863/,数据BP,北京-西城区,20-28k,['本科'],应届
北京微云众网络科技有限公司,互联网,https://www.liepin.com/company/13524863/,数据BP,上海-浦东新区,20-28k,['本科'],应届
北京大学,培训服务,https://www.liepin.com/company/9294045/,博士后-软件开发方向,北京-海淀区,15-25k,['博士'],应届
北京大学,培训服务,https://www.liepin.com/company/9294045/,博士后-数字生命方向,北京-海淀区,15-25k,['博士'],应届
瑞萨集成电路(上海)有限公司,电子/半导体/集成电路,https://www.liepin.com/company/12159461/,半导体测试工程师 -应届生岗位,天津-滨海新区,薪资面议,['本科'],应届
深圳华大基因股份有限公司-,制药,https://www.liepin.com/company/9997171/,信息分析工程师（生信开发）(J26248),深圳-盐田区,12-20k,['硕士'],应届
萃绩科技(上海)有限公司,专业技术服务,https://www.liepin.com/company/13754629/,测试工程师（应届）,上海-长宁区,8-15k·14薪,['本科'],应届
中科特思信息技术(北京)有限公司,智能硬件,https://www.liepin.com/company/21157181/,C++开发,北京-海淀区,4-9k·13薪,['本科'],应届
长鑫存储技术有限公司,电子/半导体/集成电路,https://www.liepin.com/company/8968456/,工业工程(J15876),合肥,薪资面议,['本科'],应届
长鑫存储技术有限公司,电子/半导体/集成电路,https://www.liepin.com/company/8968456/,IT应用工程(J15883),合肥,薪资面议,['本科'],应届
长鑫存储技术有限公司,电子/半导体/集成电路,https://www.liepin.com/company/8968456/,IT应用工程(J15883),上海,薪资面议,['本科'],应届
长鑫存储技术有限公司,电子/半导体/集成电路,https://www.liepin.com/company/8968456/,软件工程(J15880),上海,薪资面议,['本科'],应届
长鑫存储技术有限公司,电子/半导体/集成电路,https://www.liepin.com/company/8968456/,软件工程(J15880),合肥,薪资面议,['本科'],应届
丽珠医药集团股份有限公司,制药,https://www.liepin.com/company/8671198/,统计程序员(A130719),珠海-金湾区,9-12k·14薪,['硕士'],应届
金山云网络,互联网,https://www.liepin.com/company/3526408/,金山云-管培生 (MJ008655),北京-海淀区,19-21k·16薪,['本科'],应届
长鑫存储技术有限公司,电子/半导体/集成电路,https://www.liepin.com/company/8968456/,研发质量改善与检测量测(BJ)(J15795),北京,薪资面议,['硕士'],应届
马上消费,科技金融,https://www.liepin.com/company/8437464/,校招-产品经理,成都-高新区,12-22k·14薪,['硕士'],应届
温州市讯和电脑科技有限公司,计算机硬件,https://www.liepin.com/company/13842951/,财务审计助理不加班,上海-静安区,6-7k,[],无
佳期投资,基金/证券/期货,https://www.liepin.com/company/9264228/,Full-Stack Engineer(Top Hedge Fund),北京-海淀区,25-50k·16薪,['本科'],应届
佳期投资,基金/证券/期货,https://www.liepin.com/company/9264228/,Full-Stack Engineer(Top Hedge Fund),上海-浦东新区,25-50k·16薪,['本科'],应届
佳期投资,基金/证券/期货,https://www.liepin.com/company/9264228/,全栈工程师（2025年校招，头部金融公司，外企氛围）,北京-海淀区,25-50k·16薪,['本科'],应届
佳期投资,基金/证券/期货,https://www.liepin.com/company/9264228/,全栈工程师（2025年校招，头部金融公司，外企氛围）,上海-浦东新区,25-50k·16薪,['本科'],应届
中科院自动化研究所,人工智能,https://www.liepin.com/company/8809978/,多模态具身大模型助理研究员(J10485),北京-海淀区,16-22k,['博士'],应届
中科院自动化研究所,人工智能,https://www.liepin.com/company/8809978/,多模态预训练助理研究员（博士后）(J10484),北京-海淀区,20-40k,['博士'],应届
中科院自动化研究所,人工智能,https://www.liepin.com/company/8809978/,通用视觉预训练助理研究员(J10483),北京-海淀区,13-22k,['博士'],应届
南京索帕新能源有限公司,机械/设备,https://www.liepin.com/company/12536211/,AI工程师（应届）,南京-雨花台区,5-10k,['本科'],应届
拼多多集团-PDD,互联网,https://www.liepin.com/company/8537928/,数据分析师,上海-长宁区,20-40k·16薪,['本科'],应届
思朗科技,电子/半导体/集成电路,https://www.liepin.com/company/9700213/,2025届-ASIC数字设计工程师,北京-海淀区,20-40k·15薪,['硕士'],应届
思朗科技,电子/半导体/集成电路,https://www.liepin.com/company/9700213/,2025届-ASIC数字设计工程师,西安,20-40k·15薪,['硕士'],应届
思朗科技,电子/半导体/集成电路,https://www.liepin.com/company/9700213/,2025届-ASIC数字设计工程师,成都-武侯区,20-40k·15薪,['硕士'],应届
思朗科技,电子/半导体/集成电路,https://www.liepin.com/company/9700213/,2025届-ASIC数字设计工程师,上海-静安区,20-40k·15薪,['硕士'],应届
浙江华感科技有限公司,电子/半导体/集成电路,https://www.liepin.com/company/13348899/,测温工程师,杭州-萧山区,16-20k,['硕士'],应届
新易盛通信,通信设备,https://www.liepin.com/company/8830656/,硅光芯片设计工程师(J10283),成都-双流区,35-50k·14薪,['博士'],应届
浙江杭机股份有限公司,机械/设备,https://www.liepin.com/company/12721473/,软件设计管培生,杭州-西湖区,5-6k,['本科'],应届
清华大学,其他行业,https://www.liepin.com/company/8788901/,博士后-电力系统,北京-海淀区,15-20k,['博士'],应届
苏州海星生物科技,培训服务,https://www.liepin.com/company/12871239/,高级生物信息分析工程师,武汉-洪山区,15-20k,['硕士'],应届
苏州海星生物科技,培训服务,https://www.liepin.com/company/12871239/,高级生物信息分析工程师,苏州-太仓,15-23k,['硕士'],应届
振德医疗集团,医疗器械,https://www.liepin.com/company/8329701/,软件维护工程师（2025届校招）(J10935),绍兴-越城区,6-10k,['本科'],应届
马上消费,科技金融,https://www.liepin.com/company/8437464/,校招-风控数据决策分析师,北京-朝阳区,16-26k·14薪,['硕士'],应届
马上消费,科技金融,https://www.liepin.com/company/8437464/,校招-经营数据分析师,北京-朝阳区,15-20k,['硕士'],应届
温州市讯和电脑科技有限公司,计算机硬件,https://www.liepin.com/company/13842951/,电话销售客服,重庆-渝北区,6-7k,[],无
金雷科技股份公司,机械/设备,https://www.liepin.com/company/10282347/,机械结构研发工程师,天津-南开区,9-15k,['硕士'],应届
水滴公司,互联网,https://www.liepin.com/company/8939472/,校招-后端开发工程师(A46487),北京-朝阳区,15-18k·16薪,['本科'],应届
水滴公司,互联网,https://www.liepin.com/company/8939472/,校招-后端开发工程师(A201109),北京-朝阳区,15-18k·16薪,['本科'],应届
水滴公司,互联网,https://www.liepin.com/company/8939472/,校招-算法工程师(A127217),北京-朝阳区,22-35k·16薪,['硕士'],应届
东北证券股份有限公司,基金/证券/期货,https://www.liepin.com/company/7963383/,策略研究员(J13382),上海-浦东新区,9-12k,['硕士'],应届
上海融航信息技术股份有限公司,基金/证券/期货,https://www.liepin.com/company/9873279/,C++开发工程师,上海-浦东新区,7-15k,['本科'],应届
杉数科技,云计算/大数据,https://www.liepin.com/company/8917442/,求解器技术支持专家 (MJ000300),北京-东城区,15-25k,['本科'],应届
成都绮罗森象传媒有限公司,文化艺术业,https://www.liepin.com/company/13977337/,运营助理,成都,5-9k,['大专'],应届
宽德投资,基金/证券/期货,https://www.liepin.com/company/9301156/,量化交易风险管理员,上海-浦东新区,14-20k·16薪,['本科'],应届
宽德投资,基金/证券/期货,https://www.liepin.com/company/9301156/,量化交易风险管理员,上海-浦东新区,15-20k·15薪,['本科'],应届
小鹏汽车,整车制造,https://www.liepin.com/company/8908817/,【25届校招】感知算法软件工程师(A143439),深圳-南山区,25-40k,['硕士'],应届
长江存储科技有限责任公司,电子/半导体/集成电路,https://www.liepin.com/company/8980832/,工艺整合工程师,武汉-洪山区,薪资面议,['博士'],应届
深圳市新凯来技术有限公司,电子/半导体/集成电路,https://www.liepin.com/company/13130541/,半导体设备工程师,深圳-龙岗区,30-50k·15薪,['博士'],应届
百行征信有限公司,互联网,https://www.liepin.com/company/9557307/,软件开发岗,深圳,16-20k·15薪,['本科'],应届
兴业数金,科技金融,https://www.liepin.com/company/8643653/,测试工程师,上海,12-20k,['硕士'],应届
苏州海星生物科技,培训服务,https://www.liepin.com/company/12871239/,生物信息分析工程师,苏州-太仓,11-18k,['本科'],应届
深圳方位通讯科技有限公司,通信设备,https://www.liepin.com/company/8043837/,运维开发工程师（校招）,深圳-宝安区,10-15k·13薪,['本科'],应届
深圳方位通讯科技有限公司,通信设备,https://www.liepin.com/company/8043837/,初级系统工程师（校招）,深圳-宝安区,10-18k·13薪,['本科'],应届
滴普科技,IT服务,https://www.liepin.com/company/9888355/,【2025春招-管培生】助理提示词工程师,深圳-南山区,4-7k,['本科'],应届
滴普科技,IT服务,https://www.liepin.com/company/9888355/,【2025年春招-管培生】助理后端工程师,深圳-南山区,4-7k,['本科'],应届
帝迈生物,医疗器械,https://www.liepin.com/company/4873513/,算法工程师（博士） (MJ000623),深圳-光明区,30-35k·15薪,['学历不限'],应届
深圳市鼎峰智能技术有限公司,电子/半导体/集成电路,https://www.liepin.com/company/9614092/,Thermal Engineer热设计【24/25届研究生】,上海-松江区,20-35k,['硕士'],应届
Baidu,互联网,https://www.liepin.com/company/884492/,2025校招-武汉-Web前端研发工程师（萝卜快跑）,武汉-蔡甸区,15-25k·16薪,['本科'],应届
合肥清夸等绰机械科技有限公司,科技推广服务,https://www.liepin.com/company/13867519/,内勤8K双休,合肥,8-9k,[],无
中兴微电子,电子/半导体/集成电路,https://www.liepin.com/company/8730292/,IC DFT工程师（北京）,北京-通州区,15-25k,['本科'],应届
中兴微电子,电子/半导体/集成电路,https://www.liepin.com/company/8730292/,JS25055-IC后端设计工程师（北京） (MJ000612),北京-通州区,15-25k,['本科'],应届
南京史蒂夫环境科技有限公司,专业技术服务,https://www.liepin.com/company/13878799/,办公室文职,南京,8-9k,[],无
小鹏汽车,整车制造,https://www.liepin.com/company/8908817/,【25届校招】操作算法软件工程师,深圳-南山区,25-40k·15薪,['硕士'],应届
迁移科技,计算机软件,https://www.liepin.com/company/10208273/,算法工程师（工业3D视觉）,北京-昌平区,20-40k·14薪,['硕士'],应届
奇富科技,科技金融,https://www.liepin.com/company/8890047/,【2025届】校招-广告算法工程师-北京,北京-朝阳区,15-25k·15薪,['硕士'],应届
水滴公司,互联网,https://www.liepin.com/company/8939472/,校招-算法工程师(A127217),北京-朝阳区,22-35k·16薪,['硕士'],应届
上海具力私募基金管理有限公司,基金/证券/期货,https://www.liepin.com/company/13841117/,量化研究员,上海-闵行区,10-30k·13薪,['本科'],应届
广东瑞庆时代新能源科技有限公司,新能源,https://www.liepin.com/company/13427045/,质量工程师,肇庆-四会,15-30k,['硕士'],应届
上海鸿添翼量子科技有限公司,科技推广服务,https://www.liepin.com/company/13550959/,量子计算开发工程师,上海-杨浦区,11-22k·13薪,['硕士'],应届
迁移科技,计算机软件,https://www.liepin.com/company/10208273/,算法应用工程师（工业3D视觉）,北京-昌平区,18-25k·14薪,['硕士'],应届
张江实验室,学术/科研,https://www.liepin.com/company/13202345/,超导高频研发,上海-浦东新区,25-40k,['博士'],应届
北京龙飞燕科技有限公司,云计算/大数据,https://www.liepin.com/company/21081673/,主数据实施初级顾问,北京-昌平区,10-20k,['本科'],应届
卡尔美体育用品有限公司,服装/纺织/皮革,https://www.liepin.com/company/9655995/,软件实施工程师,泉州,薪资面议,['本科'],应届
上海梭翱信息技术有限公司,互联网,https://www.liepin.com/company/8741423/,管理培训生-2025届,上海-普陀区,14-16k,['本科'],应届
华大集团,生物技术,https://www.liepin.com/company/6622708/,JAVA开发工程师(J26235),深圳-盐田区,7-11k,['本科'],应届
上海数禾信息科技有限公司,科技金融,https://www.liepin.com/company/8887035/,（2025应届生）大数据开发工程师,上海-浦东新区,16-25k·14薪,['本科'],应届
上海数禾信息科技有限公司,科技金融,https://www.liepin.com/company/8887035/,（2025应届生）数据模型岗,上海-浦东新区,16-28k·14薪,['硕士'],应届
上海合见工业软件集团有限公司,整车制造,https://www.liepin.com/company/12944001/,Learning Product Engineer(J10324),上海-浦东新区,薪资面议,['硕士'],应届
上海合见工业软件集团有限公司,整车制造,https://www.liepin.com/company/12944001/,Learning Product Engineer(J10323),成都-高新区,薪资面议,['硕士'],应届
国家智能商用车质量检验检测中心,检测/认证,https://www.liepin.com/company/13023421/,adas测试辅助工程师,泰州-泰兴,6-8k,['大专'],应届
华为,通信设备,https://www.liepin.com/company/954482/,AIOps智能运维算法工程师,东莞-松山湖,40-55k·16薪,['博士'],应届
华为,通信设备,https://www.liepin.com/company/954482/,智能海量数据挖掘工程师,东莞-松山湖,40-55k·16薪,['博士'],应届
欧派家居集团,房地产/建筑,https://www.liepin.com/company/7965750/,产品研发工程师,广州-白云区,7-12k,['本科'],应届
欧派家居集团,房地产/建筑,https://www.liepin.com/company/7965750/,软件建库工程师,广州-白云区,7-12k,['本科'],应届
合合信息,人工智能,https://www.liepin.com/company/7862267/,25届校招-多模态大模型算法研究员(J13271),上海-静安区,30-40k·16薪,['硕士'],应届
中国司法大数据研究院有限公司,互联网,https://www.liepin.com/company/9190787/,算法工程师,北京-石景山区,11-19k,['硕士'],应届
兴业数金,科技金融,https://www.liepin.com/company/8643653/,软件测试,杭州-拱墅区,12-20k,['硕士'],应届
水滴公司,互联网,https://www.liepin.com/company/8939472/,校招-后端开发工程师(A46487),北京-朝阳区,15-18k·16薪,['本科'],应届
水滴公司,互联网,https://www.liepin.com/company/8939472/,校招-后端开发工程师(A201109),北京-朝阳区,15-18k·16薪,['本科'],应届
中国电信股份有限公司人工智能研究院(上海),人工智能,https://www.liepin.com/company/21138837/,通信网络工程师,上海-徐汇区,25-50k·14薪,['硕士'],应届
基克纳科技,贸易/进出口,https://www.liepin.com/company/9803795/,OPM专员,深圳-南山区,13-17k·15薪,['本科'],应届
三一集团,机械/设备,https://www.liepin.com/company/892388/,测试工程师,长沙-长沙县,16-20k·16薪,['硕士'],应届
中国大地财产保险股份有限公司,保险,https://www.liepin.com/company/1178516/,2025应届毕业生-数据中台研发岗,上海-浦东新区,9-14k·14薪,['硕士'],应届
北京映翰通网络技术股份有限公司,计算机硬件,https://www.liepin.com/company/7889890/,算法工程师,北京-朝阳区,18-25k,['硕士'],应届
广电运通集团股份有限公司,计算机软件,https://www.liepin.com/company/8547388/,2025届-博士研究员（计算机视觉） (MJ003619),广州-黄埔区,30-50k,['博士'],应届
深圳华大基因股份有限公司-,制药,https://www.liepin.com/company/9997171/,信息分析工程师（生信开发）,深圳-盐田区,13-18k,['硕士'],应届
爱凡哲投资管理有限公司,基金/证券/期货,https://www.liepin.com/company/9460862/,二级市场量化策略研究员,上海-浦东新区,25-30k·16薪,['硕士'],应届
中科微至,工业自动化,https://www.liepin.com/company/9518403/,Java开发工程师,无锡-锡山区,8-16k,['本科'],应届
江苏镇扬汽渡有限公司,货运/物流/仓储,https://www.liepin.com/company/21150483/,软件开发,镇江-润州区,12-15k,['硕士'],应届
万得,科技金融,https://www.liepin.com/company/8055349/,博士后研究员,上海-浦东新区,35-50k·14薪,['博士'],应届
格科,专业技术服务,https://www.liepin.com/company/7883923/,数字电路设计工程师（应届）,上海-浦东新区,25-30k·15薪,['硕士'],应届
万得,科技金融,https://www.liepin.com/company/8055349/,AI算法工程师（大模型）,上海-浦东新区,20-28k·14薪,['硕士'],应届
万得,科技金融,https://www.liepin.com/company/8055349/,AI算法工程师（大模型）,南京-建邺区,17-24k·14薪,['硕士'],应届
速腾聚创,智能硬件,https://www.liepin.com/company/8447141/,数据闭环工程师（校招） (MJ001584),深圳-南山区,25-30k,['本科'],应届
蚂蚁集团,科技金融,https://www.liepin.com/company/8968236/,OceanBase平台开发长期实习生,杭州-西湖区,8-12k,['硕士'],应届
科磊半导体设备技术(上海)有限公司,电子/半导体/集成电路,https://www.liepin.com/company/7910742/,Software Engineer 软件工程师,合肥-蜀山区,20-30k·13薪,['硕士'],应届
维信金科,担保/拍卖/典当,https://www.liepin.com/company/8718437/,管培生-风控策略/模型方向,深圳-南山区,12-18k,['本科'],应届
福建永福电力设计股份有限公司,建筑/工程设计,https://www.liepin.com/company/10115497/,海洋水文工程师,福州,9-13k,['本科'],应届
理想汽车,整车制造,https://www.liepin.com/company/8572825/,海外平台系统工程师（校招）,北京,20-40k,['硕士'],应届
华林证券,基金/证券/期货,https://www.liepin.com/company/8105367/,销售交易岗（校招）,上海-浦东新区,薪资面议,['本科'],应届
威海恒旺光伏发电服务有限公司,新能源,https://www.liepin.com/company/13841137/,急聘前台接待员,济南-市中区,4-6k,[],无
中美冠科生物技术(太仓)有限公司,制药,https://www.liepin.com/company/8272145/,生物信息学研究助理,苏州-工业园区,薪资面议,['本科'],应届
恒瑞医药-江苏科信医药销售有限公司,制药,https://www.liepin.com/company/9649909/,战略管培生 (MJ009149),上海-浦东新区,13-23k·13薪,['硕士'],应届
华为,通信设备,https://www.liepin.com/company/954482/,智能汽车远程诊断及预测AI专家,深圳,40-50k·16薪,['博士'],应届
作业帮教育科技有限公司,在线教育,https://www.liepin.com/company/9428498/,多模态算法工程师,北京-海淀区,40-70k·15薪,['博士'],应届
作业帮教育科技有限公司,在线教育,https://www.liepin.com/company/9428498/,大模型算法工程师,北京-海淀区,40-70k·15薪,['博士'],应届
速腾聚创,智能硬件,https://www.liepin.com/company/8447141/,数据算法工程师（校招）,深圳-南山区,25-28k,['本科'],应届
维信金科,担保/拍卖/典当,https://www.liepin.com/company/8718437/,技术培训生-研发方向,上海-虹口区,12-18k,['本科'],应届
敦泰科技,电子/半导体/集成电路,https://www.liepin.com/company/8249987/,2025届应届生——系统算法工程师,深圳-南山区,18-24k·13薪,['硕士'],应届
广州衡友贸易有限公司,服装/纺织/皮革,https://www.liepin.com/company/13874191/,会计,广州-天河区,6-8k,[],无
经纬恒润,电子/半导体/集成电路,https://www.liepin.com/company/973634/,智能座舱仿真工程师-campus-2025,上海-徐汇区,15-20k·15薪,['本科'],应届
熠谱科技,互联网,https://www.liepin.com/company/13621877/,数据采集工程师,深圳-南山区,11-20k,['本科'],应届
熠谱科技,互联网,https://www.liepin.com/company/13621877/,爬虫工程师,深圳-南山区,11-20k,['本科'],应届
湖北九同方微电子有限公司,电子/半导体/集成电路,https://www.liepin.com/company/8315978/,C++研发工程师（应届生校招）,大连-甘井子区,15-25k,['硕士'],应届
湖北九同方微电子有限公司,电子/半导体/集成电路,https://www.liepin.com/company/8315978/,C++研发工程师（应届生校招）,北京-海淀区,15-25k,['硕士'],应届
湖北九同方微电子有限公司,电子/半导体/集成电路,https://www.liepin.com/company/8315978/,C++研发工程师（应届生校招）,武汉-江夏区,15-25k,['硕士'],应届
湖北九同方微电子有限公司,电子/半导体/集成电路,https://www.liepin.com/company/8315978/,C++研发工程师（应届生校招）,上海-浦东新区,15-25k,['硕士'],应届
湖北九同方微电子有限公司,电子/半导体/集成电路,https://www.liepin.com/company/8315978/,C++研发工程师（应届生校招）,深圳-福田区,15-25k,['硕士'],应届
成都益凯启科技有限公司,IT服务,https://www.liepin.com/company/13869893/,招聘专员,苏州-吴中区,8-11k,[],无
湖北九同方微电子有限公司,电子/半导体/集成电路,https://www.liepin.com/company/8315978/,计算电磁算法工程师（应届生校招),北京-海淀区,30-50k,['博士'],应届
湖北九同方微电子有限公司,电子/半导体/集成电路,https://www.liepin.com/company/8315978/,计算电磁算法工程师（应届生校招),上海-浦东新区,30-50k,['博士'],应届
湖北九同方微电子有限公司,电子/半导体/集成电路,https://www.liepin.com/company/8315978/,计算电磁算法工程师（应届生校招),深圳-福田区,30-50k,['博士'],应届
湖北九同方微电子有限公司,电子/半导体/集成电路,https://www.liepin.com/company/8315978/,计算电磁算法工程师（应届生校招),武汉-江夏区,30-50k,['博士'],应届
中国科学院深圳先进技术研究院,专业技术服务,https://www.liepin.com/company/8721680/,实习生（研一研二）、保研生,深圳-南山区,2-4k,['本科'],应届
进化论资产,基金/证券/期货,https://www.liepin.com/company/12139775/,量化策略研究员,深圳-南山区,20-40k,['硕士'],应届
华为,通信设备,https://www.liepin.com/company/954482/,AI/算法/芯片/软件/硬件（多方向应届生）,东莞-松山湖,30-60k·16薪,['博士'],应届
华为,通信设备,https://www.liepin.com/company/954482/,AI/算法/芯片/软件/硬件（多方向应届生）,深圳-龙岗区,30-60k·16薪,['博士'],应届
华为,通信设备,https://www.liepin.com/company/954482/,AI/算法/芯片/软件/硬件（多方向应届生）,北京-海淀区,30-60k·16薪,['博士'],应届
华为,通信设备,https://www.liepin.com/company/954482/,AI/算法/芯片/软件/硬件（多方向应届生）,上海-浦东新区,30-60k·16薪,['博士'],应届
华为,通信设备,https://www.liepin.com/company/954482/,AI/算法/芯片/软件/硬件（多方向应届生）,香港-油尖旺区,30-60k·16薪,['博士'],应届
兆易创新,电子/半导体/集成电路,https://www.liepin.com/company/7894126/,半导体产品工程师,西安-高新区,薪资面议,['硕士'],应届
兆易创新,电子/半导体/集成电路,https://www.liepin.com/company/7894126/,半导体产品工程师,北京-朝阳区,薪资面议,['硕士'],应届
兆易创新,电子/半导体/集成电路,https://www.liepin.com/company/7894126/,半导体产品工程师,合肥-经开区,薪资面议,['硕士'],应届
中科院自动化研究所,人工智能,https://www.liepin.com/company/8809978/,运筹优化算法工程师(J10471),北京-海淀区,14-26k,['硕士'],应届
本征信息技术(上海)有限公司,电子/半导体/集成电路,https://www.liepin.com/company/8612729/,FAE（需要出差）,深圳-宝安区,10-30k,['本科'],应届
芯原微电子(上海)股份有限公司,电子/半导体/集成电路,https://www.liepin.com/company/7909389/,数字前端工程师,南京-浦口区,18-25k·14薪,['硕士'],应届
昂纳科技集团,通信设备,https://www.liepin.com/company/1619616/,嵌入式软件测试工程师,深圳-坪山区,8-15k,['本科'],应届
北京汽车研究总院,整车制造,https://www.liepin.com/company/8104950/,机器视觉,北京-大兴区,15-30k,['博士'],应届
华为,通信设备,https://www.liepin.com/company/954482/,【博士研究员】决策推理,上海-青浦区,40-45k,['博士'],应届
合合信息,人工智能,https://www.liepin.com/company/7862267/,25届校招-生成式图像算法工程师（面向博士）(J13207),上海-静安区,35-55k·16薪,['博士'],应届
合合信息,人工智能,https://www.liepin.com/company/7862267/,25届校招-大数据开发工程师(J13245),上海-静安区,20-30k·16薪,['本科'],应届
合合信息,人工智能,https://www.liepin.com/company/7862267/,25届校招-多模态算法工程师（AI教育）(J13258),上海-静安区,28-40k·16薪,['硕士'],应届
致网科技,计算机软件,https://www.liepin.com/company/8846205/,测试工程师（应届）,南京-江宁区,10-15k·14薪,['硕士'],应届
岚图汽车科技有限公司,新能源汽车,https://www.liepin.com/company/12907949/,追光计划-感知算法工程师（博士）,武汉,薪资面议,['博士'],应届
上海茫讯商务咨询中心,专业技术服务,https://www.liepin.com/company/12822429/,商务助理,北京-大兴区,30-55k·16薪,[],无
相互作用力科技,人工智能,https://www.liepin.com/company/13173539/,LLM技术,北京-朝阳区,11-20k,['本科'],应届
华为,通信设备,https://www.liepin.com/company/954482/,【博士研究员】大模型算法 语音语义 多base地可沟通,上海-青浦区,40-45k,['博士'],应届
岚图汽车科技有限公司,新能源汽车,https://www.liepin.com/company/12907949/,智能驾驶,武汉,薪资面议,['本科'],应届
高斯全球,计算机软件,https://www.liepin.com/company/13292743/,AI开发工程师,深圳-南山区,30-40k,['硕士'],应届
镁信健康,互联网,https://www.liepin.com/company/9510130/,【2025届校招】AI工程师(J11247),上海-徐汇区,薪资面议,['硕士'],应届
经纬恒润,电子/半导体/集成电路,https://www.liepin.com/company/973634/,数据分析工程师,北京-朝阳区,10-20k,['本科'],应届
视源股份,计算机软件,https://www.liepin.com/company/7854025/,视觉算法工程师（25届校招）,广州-黄埔区,16-25k·13薪,['硕士'],应届
国金证券,基金/证券/期货,https://www.liepin.com/company/4750556/,公司直属-风险管理部-风险管理岗（2025届）(J15673),上海-浦东新区,10-12k·18薪,['硕士'],应届
南方科技大学,培训服务,https://www.liepin.com/company/8960588/,南科大“机器人声学感知与具身智能”博士后/科研助理招聘,深圳-南山区,6-11k·13薪,['本科'],应届
星际动能科技(深圳)有限公司,计算机软件,https://www.liepin.com/company/21142493/,电力系统研究实习生,深圳-南山区,3-4k,['本科'],应届
即云天下(北京)数据科技有限公司,云计算/大数据,https://www.liepin.com/company/10210357/,AI预研工程师（非AI框架开发工程师）,北京-东城区,15-30k,['硕士'],应届
